<annotation>
	<folder>sim_data_capture</folder>
	<filename>left0542.jpg</filename>
	<path>C:\Users\Omkar\CarND-Capstone-master\ros\src\tl_detector\light_detection\Images\data\sim_training_data\sim_data_capture\left0542.jpg</path>
	<source>
		<database>Unknown</database>
	</source>
	<size>
		<width>800</width>
		<height>600</height>
		<depth>3</depth>
	</size>
	<segmented>0</segmented>
	<object>
		<name>trafficsignal</name>
		<pose>Unspecified</pose>
		<truncated>0</truncated>
		<difficult>0</difficult>
		<bndbox>
			<xmin>157</xmin>
			<ymin>419</ymin>
			<xmax>192</xmax>
			<ymax>497</ymax>
		</bndbox>
	</object>
	<object>
		<name>trafficsignal</name>
		<pose>Unspecified</pose>
		<truncated>0</truncated>
		<difficult>0</difficult>
		<bndbox>
			<xmin>303</xmin>
			<ymin>421</ymin>
			<xmax>341</xmax>
			<ymax>498</ymax>
		</bndbox>
	</object>
	<object>
		<name>trafficsignal</name>
		<pose>Unspecified</pose>
		<truncated>0</truncated>
		<difficult>0</difficult>
		<bndbox>
			<xmin>451</xmin>
			<ymin>430</ymin>
			<xmax>484</xmax>
			<ymax>505</ymax>
		</bndbox>
	</object>
</annotation>
