<annotation>
	<folder>sim_data_capture</folder>
	<filename>left0570.jpg</filename>
	<path>C:\Users\Omkar\CarND-Capstone-master\ros\src\tl_detector\light_detection\Images\data\sim_training_data\sim_data_capture\left0570.jpg</path>
	<source>
		<database>Unknown</database>
	</source>
	<size>
		<width>800</width>
		<height>600</height>
		<depth>3</depth>
	</size>
	<segmented>0</segmented>
	<object>
		<name>trafficsignal</name>
		<pose>Unspecified</pose>
		<truncated>0</truncated>
		<difficult>0</difficult>
		<bndbox>
			<xmin>86</xmin>
			<ymin>299</ymin>
			<xmax>141</xmax>
			<ymax>421</ymax>
		</bndbox>
	</object>
	<object>
		<name>trafficsignal</name>
		<pose>Unspecified</pose>
		<truncated>0</truncated>
		<difficult>0</difficult>
		<bndbox>
			<xmin>328</xmin>
			<ymin>310</ymin>
			<xmax>381</xmax>
			<ymax>432</ymax>
		</bndbox>
	</object>
	<object>
		<name>trafficsignal</name>
		<pose>Unspecified</pose>
		<truncated>0</truncated>
		<difficult>0</difficult>
		<bndbox>
			<xmin>559</xmin>
			<ymin>319</ymin>
			<xmax>613</xmax>
			<ymax>439</ymax>
		</bndbox>
	</object>
</annotation>
