<annotation>
	<folder>sim_data_capture</folder>
	<filename>left0052.jpg</filename>
	<path>C:\Users\Omkar\CarND-Capstone-master\ros\src\tl_detector\light_detection\Images\data\sim_training_data\sim_data_capture\left0052.jpg</path>
	<source>
		<database>Unknown</database>
	</source>
	<size>
		<width>800</width>
		<height>600</height>
		<depth>3</depth>
	</size>
	<segmented>0</segmented>
	<object>
		<name>tree</name>
		<pose>Unspecified</pose>
		<truncated>1</truncated>
		<difficult>0</difficult>
		<bndbox>
			<xmin>294</xmin>
			<ymin>515</ymin>
			<xmax>336</xmax>
			<ymax>600</ymax>
		</bndbox>
	</object>
</annotation>
