<annotation>
	<folder>sim_data_capture</folder>
	<filename>left0517.jpg</filename>
	<path>C:\Users\Omkar\CarND-Capstone-master\ros\src\tl_detector\light_detection\Images\data\sim_training_data\sim_data_capture\left0517.jpg</path>
	<source>
		<database>Unknown</database>
	</source>
	<size>
		<width>800</width>
		<height>600</height>
		<depth>3</depth>
	</size>
	<segmented>0</segmented>
	<object>
		<name>trafficsignal</name>
		<pose>Unspecified</pose>
		<truncated>0</truncated>
		<difficult>0</difficult>
		<bndbox>
			<xmin>209</xmin>
			<ymin>487</ymin>
			<xmax>235</xmax>
			<ymax>540</ymax>
		</bndbox>
	</object>
	<object>
		<name>trafficsignal</name>
		<pose>Unspecified</pose>
		<truncated>0</truncated>
		<difficult>0</difficult>
		<bndbox>
			<xmin>312</xmin>
			<ymin>489</ymin>
			<xmax>338</xmax>
			<ymax>546</ymax>
		</bndbox>
	</object>
	<object>
		<name>trafficsignal</name>
		<pose>Unspecified</pose>
		<truncated>0</truncated>
		<difficult>0</difficult>
		<bndbox>
			<xmin>414</xmin>
			<ymin>492</ymin>
			<xmax>439</xmax>
			<ymax>548</ymax>
		</bndbox>
	</object>
</annotation>
