<annotation>
	<folder>sim_data_capture</folder>
	<filename>left0576.jpg</filename>
	<path>C:\Users\Omkar\CarND-Capstone-master\ros\src\tl_detector\light_detection\Images\data\sim_training_data\sim_data_capture\left0576.jpg</path>
	<source>
		<database>Unknown</database>
	</source>
	<size>
		<width>800</width>
		<height>600</height>
		<depth>3</depth>
	</size>
	<segmented>0</segmented>
	<object>
		<name>trafficsignal</name>
		<pose>Unspecified</pose>
		<truncated>0</truncated>
		<difficult>0</difficult>
		<bndbox>
			<xmin>85</xmin>
			<ymin>300</ymin>
			<xmax>142</xmax>
			<ymax>422</ymax>
		</bndbox>
	</object>
	<object>
		<name>trafficsignal</name>
		<pose>Unspecified</pose>
		<truncated>0</truncated>
		<difficult>0</difficult>
		<bndbox>
			<xmin>328</xmin>
			<ymin>314</ymin>
			<xmax>377</xmax>
			<ymax>431</ymax>
		</bndbox>
	</object>
	<object>
		<name>trafficsignal</name>
		<pose>Unspecified</pose>
		<truncated>0</truncated>
		<difficult>0</difficult>
		<bndbox>
			<xmin>560</xmin>
			<ymin>324</ymin>
			<xmax>614</xmax>
			<ymax>442</ymax>
		</bndbox>
	</object>
</annotation>
