<annotation>
	<folder>sim_data_capture</folder>
	<filename>left0527.jpg</filename>
	<path>C:\Users\Omkar\CarND-Capstone-master\ros\src\tl_detector\light_detection\Images\data\sim_training_data\sim_data_capture\left0527.jpg</path>
	<source>
		<database>Unknown</database>
	</source>
	<size>
		<width>800</width>
		<height>600</height>
		<depth>3</depth>
	</size>
	<segmented>0</segmented>
	<object>
		<name>trafficsignal</name>
		<pose>Unspecified</pose>
		<truncated>0</truncated>
		<difficult>0</difficult>
		<bndbox>
			<xmin>314</xmin>
			<ymin>466</ymin>
			<xmax>344</xmax>
			<ymax>530</ymax>
		</bndbox>
	</object>
	<object>
		<name>trafficsignal</name>
		<pose>Unspecified</pose>
		<truncated>0</truncated>
		<difficult>0</difficult>
		<bndbox>
			<xmin>432</xmin>
			<ymin>472</ymin>
			<xmax>459</xmax>
			<ymax>534</ymax>
		</bndbox>
	</object>
	<object>
		<name>trafficsignal</name>
		<pose>Unspecified</pose>
		<truncated>0</truncated>
		<difficult>0</difficult>
		<bndbox>
			<xmin>548</xmin>
			<ymin>475</ymin>
			<xmax>577</xmax>
			<ymax>537</ymax>
		</bndbox>
	</object>
</annotation>
